WPI_Number,Month,Visit_Count,Main_Port_Name,LAT,LON
16010,2022-01,708,San Diego,32.716667,-117.183333
16010,2022-02,260,San Diego,32.716667,-117.183333
16010,2022-03,217,San Diego,32.716667,-117.183333
16010,2022-04,190,San Diego,32.716667,-117.183333
16010,2022-05,167,San Diego,32.716667,-117.183333
16010,2022-06,206,San Diego,32.716667,-117.183333
16010,2022-07,146,San Diego,32.716667,-117.183333
16010,2022-08,135,San Diego,32.716667,-117.183333
16010,2022-09,137,San Diego,32.716667,-117.183333
16010,2022-10,185,San Diego,32.716667,-117.183333
16010,2022-11,107,San Diego,32.716667,-117.183333
16010,2022-12,77,San Diego,32.716667,-117.183333
16070,2022-01,13808,Long Beach,33.766667,-118.183333
16070,2022-02,7840,Long Beach,33.766667,-118.183333
16070,2022-03,7713,Long Beach,33.766667,-118.183333
16070,2022-04,6286,Long Beach,33.766667,-118.183333
16070,2022-05,7356,Long Beach,33.766667,-118.183333
16070,2022-06,20433,Long Beach,33.766667,-118.183333
16070,2022-07,10795,Long Beach,33.766667,-118.183333
16070,2022-08,5140,Long Beach,33.766667,-118.183333
16070,2022-09,4424,Long Beach,33.766667,-118.183333
16070,2022-10,4581,Long Beach,33.766667,-118.183333
16070,2022-11,3598,Long Beach,33.766667,-118.183333
16070,2022-12,3107,Long Beach,33.766667,-118.183333
16080,2022-01,13914,Los Angeles,33.75,-118.25
16080,2022-02,7907,Los Angeles,33.75,-118.25
16080,2022-03,7747,Los Angeles,33.75,-118.25
16080,2022-04,6313,Los Angeles,33.75,-118.25
16080,2022-05,7406,Los Angeles,33.75,-118.25
16080,2022-06,20480,Los Angeles,33.75,-118.25
16080,2022-07,10844,Los Angeles,33.75,-118.25
16080,2022-08,5153,Los Angeles,33.75,-118.25
16080,2022-09,4448,Los Angeles,33.75,-118.25
16080,2022-10,4610,Los Angeles,33.75,-118.25
16080,2022-11,3616,Los Angeles,33.75,-118.25
16080,2022-12,3110,Los Angeles,33.75,-118.25
16300,2022-01,3515,San Francisco,37.816667,-122.416667
16300,2022-02,3987,San Francisco,37.816667,-122.416667
16300,2022-03,4623,San Francisco,37.816667,-122.416667
16300,2022-04,4944,San Francisco,37.816667,-122.416667
16300,2022-05,6723,San Francisco,37.816667,-122.416667
16300,2022-06,17763,San Francisco,37.816667,-122.416667
16300,2022-07,10083,San Francisco,37.816667,-122.416667
16300,2022-08,5264,San Francisco,37.816667,-122.416667
16300,2022-09,5674,San Francisco,37.816667,-122.416667
16300,2022-10,5760,San Francisco,37.816667,-122.416667
16300,2022-11,4210,San Francisco,37.816667,-122.416667
16300,2022-12,3557,San Francisco,37.816667,-122.416667
16340,2022-01,3480,Oakland,37.816667,-122.333333
16340,2022-02,3968,Oakland,37.816667,-122.333333
16340,2022-03,4602,Oakland,37.816667,-122.333333
16340,2022-04,4932,Oakland,37.816667,-122.333333
16340,2022-05,6695,Oakland,37.816667,-122.333333
16340,2022-06,17688,Oakland,37.816667,-122.333333
16340,2022-07,10023,Oakland,37.816667,-122.333333
16340,2022-08,5245,Oakland,37.816667,-122.333333
16340,2022-09,5645,Oakland,37.816667,-122.333333
16340,2022-10,5738,Oakland,37.816667,-122.333333
16340,2022-11,4198,Oakland,37.816667,-122.333333
16340,2022-12,3541,Oakland,37.816667,-122.333333
16740,2022-01,46,Empire,43.4,-124.283333
16740,2022-02,11,Empire,43.4,-124.283333
16740,2022-03,19,Empire,43.4,-124.283333
16740,2022-04,8,Empire,43.4,-124.283333
16740,2022-05,20,Empire,43.4,-124.283333
16740,2022-06,26,Empire,43.4,-124.283333
16740,2022-07,15,Empire,43.4,-124.283333
16740,2022-08,30,Empire,43.4,-124.283333
16740,2022-09,25,Empire,43.4,-124.283333
16740,2022-10,7,Empire,43.4,-124.283333
16740,2022-11,4,Empire,43.4,-124.283333
16740,2022-12,3,Empire,43.4,-124.283333
16940,2022-01,1847,Portland,45.516667,-122.666667
16940,2022-02,2047,Portland,45.516667,-122.666667
16940,2022-03,1763,Portland,45.516667,-122.666667
16940,2022-04,2006,Portland,45.516667,-122.666667
16940,2022-05,1790,Portland,45.516667,-122.666667
16940,2022-06,1951,Portland,45.516667,-122.666667
16940,2022-07,1417,Portland,45.516667,-122.666667
16940,2022-08,2045,Portland,45.516667,-122.666667
16940,2022-09,1717,Portland,45.516667,-122.666667
16940,2022-10,1659,Portland,45.516667,-122.666667
16940,2022-11,1343,Portland,45.516667,-122.666667
16940,2022-12,1284,Portland,45.516667,-122.666667
16950,2022-01,1870,Vancouver,45.633333,-122.683333
16950,2022-02,2055,Vancouver,45.633333,-122.683333
16950,2022-03,1792,Vancouver,45.633333,-122.683333
16950,2022-04,2017,Vancouver,45.633333,-122.683333
16950,2022-05,1801,Vancouver,45.633333,-122.683333
16950,2022-06,1955,Vancouver,45.633333,-122.683333
16950,2022-07,1425,Vancouver,45.633333,-122.683333
16950,2022-08,2057,Vancouver,45.633333,-122.683333
16950,2022-09,1731,Vancouver,45.633333,-122.683333
16950,2022-10,1671,Vancouver,45.633333,-122.683333
16950,2022-11,1342,Vancouver,45.633333,-122.683333
16950,2022-12,1277,Vancouver,45.633333,-122.683333
17430,2022-01,996,Bremerton,47.566667,-122.65
17430,2022-02,861,Bremerton,47.566667,-122.65
17430,2022-03,698,Bremerton,47.566667,-122.65
17430,2022-04,724,Bremerton,47.566667,-122.65
17430,2022-05,926,Bremerton,47.566667,-122.65
17430,2022-06,1182,Bremerton,47.566667,-122.65
17430,2022-07,1505,Bremerton,47.566667,-122.65
17430,2022-08,1538,Bremerton,47.566667,-122.65
17430,2022-09,1033,Bremerton,47.566667,-122.65
17430,2022-10,587,Bremerton,47.566667,-122.65
17430,2022-11,459,Bremerton,47.566667,-122.65
17430,2022-12,242,Bremerton,47.566667,-122.65
17700,2022-01,366,Tacoma,47.283333,-122.416667
17700,2022-02,194,Tacoma,47.283333,-122.416667
17700,2022-03,142,Tacoma,47.283333,-122.416667
17700,2022-04,160,Tacoma,47.283333,-122.416667
17700,2022-05,229,Tacoma,47.283333,-122.416667
17700,2022-06,254,Tacoma,47.283333,-122.416667
17700,2022-07,276,Tacoma,47.283333,-122.416667
17700,2022-08,372,Tacoma,47.283333,-122.416667
17700,2022-09,241,Tacoma,47.283333,-122.416667
17700,2022-10,134,Tacoma,47.283333,-122.416667
17700,2022-11,82,Tacoma,47.283333,-122.416667
17700,2022-12,85,Tacoma,47.283333,-122.416667
17730,2022-01,1702,Seattle,47.6,-122.333333
17730,2022-02,1095,Seattle,47.6,-122.333333
17730,2022-03,919,Seattle,47.6,-122.333333
17730,2022-04,944,Seattle,47.6,-122.333333
17730,2022-05,1263,Seattle,47.6,-122.333333
17730,2022-06,1511,Seattle,47.6,-122.333333
17730,2022-07,1771,Seattle,47.6,-122.333333
17730,2022-08,1796,Seattle,47.6,-122.333333
17730,2022-09,1219,Seattle,47.6,-122.333333
17730,2022-10,697,Seattle,47.6,-122.333333
17730,2022-11,526,Seattle,47.6,-122.333333
17730,2022-12,302,Seattle,47.6,-122.333333
3430,2022-01,4,Buffalo,42.883333,-78.883333
3430,2022-02,2,Buffalo,42.883333,-78.883333
3430,2022-03,1,Buffalo,42.883333,-78.883333
3430,2022-04,3,Buffalo,42.883333,-78.883333
3430,2022-05,24,Buffalo,42.883333,-78.883333
3430,2022-06,42,Buffalo,42.883333,-78.883333
3430,2022-07,34,Buffalo,42.883333,-78.883333
3430,2022-08,18,Buffalo,42.883333,-78.883333
3430,2022-09,25,Buffalo,42.883333,-78.883333
3430,2022-10,6,Buffalo,42.883333,-78.883333
3430,2022-11,1,Buffalo,42.883333,-78.883333
3490,2022-01,9,Cleveland,41.5,-81.716667
3490,2022-02,1,Cleveland,41.5,-81.716667
3490,2022-03,11,Cleveland,41.5,-81.716667
3490,2022-04,20,Cleveland,41.5,-81.716667
3490,2022-05,35,Cleveland,41.5,-81.716667
3490,2022-06,65,Cleveland,41.5,-81.716667
3490,2022-07,58,Cleveland,41.5,-81.716667
3490,2022-08,31,Cleveland,41.5,-81.716667
3490,2022-09,33,Cleveland,41.5,-81.716667
3490,2022-10,19,Cleveland,41.5,-81.716667
3490,2022-11,6,Cleveland,41.5,-81.716667
3490,2022-12,3,Cleveland,41.5,-81.716667
3560,2022-01,18,Toledo,41.7,-83.466667
3560,2022-02,1,Toledo,41.7,-83.466667
3560,2022-03,5,Toledo,41.7,-83.466667
3560,2022-04,21,Toledo,41.7,-83.466667
3560,2022-05,20,Toledo,41.7,-83.466667
3560,2022-06,44,Toledo,41.7,-83.466667
3560,2022-07,30,Toledo,41.7,-83.466667
3560,2022-08,25,Toledo,41.7,-83.466667
3560,2022-09,6,Toledo,41.7,-83.466667
3560,2022-10,11,Toledo,41.7,-83.466667
3560,2022-11,1,Toledo,41.7,-83.466667
3560,2022-12,1,Toledo,41.7,-83.466667
3620,2022-01,29,Detroit,42.333333,-83.033333
3620,2022-02,7,Detroit,42.333333,-83.033333
3620,2022-03,8,Detroit,42.333333,-83.033333
3620,2022-04,36,Detroit,42.333333,-83.033333
3620,2022-05,76,Detroit,42.333333,-83.033333
3620,2022-06,163,Detroit,42.333333,-83.033333
3620,2022-07,120,Detroit,42.333333,-83.033333
3620,2022-08,64,Detroit,42.333333,-83.033333
3620,2022-09,56,Detroit,42.333333,-83.033333
3620,2022-10,23,Detroit,42.333333,-83.033333
3620,2022-11,5,Detroit,42.333333,-83.033333
3620,2022-12,4,Detroit,42.333333,-83.033333
4760,2022-01,9,Gary,41.616667,-87.333333
4760,2022-02,12,Gary,41.616667,-87.333333
4760,2022-03,15,Gary,41.616667,-87.333333
4760,2022-04,84,Gary,41.616667,-87.333333
4760,2022-05,107,Gary,41.616667,-87.333333
4760,2022-06,376,Gary,41.616667,-87.333333
4760,2022-07,205,Gary,41.616667,-87.333333
4760,2022-08,165,Gary,41.616667,-87.333333
4760,2022-09,281,Gary,41.616667,-87.333333
4760,2022-10,161,Gary,41.616667,-87.333333
4760,2022-11,99,Gary,41.616667,-87.333333
4760,2022-12,58,Gary,41.616667,-87.333333
4770,2022-01,90,Buffington,41.633333,-87.416667
4770,2022-02,124,Buffington,41.633333,-87.416667
4770,2022-03,154,Buffington,41.633333,-87.416667
4770,2022-04,292,Buffington,41.633333,-87.416667
4770,2022-05,364,Buffington,41.633333,-87.416667
4770,2022-06,781,Buffington,41.633333,-87.416667
4770,2022-07,389,Buffington,41.633333,-87.416667
4770,2022-08,317,Buffington,41.633333,-87.416667
4770,2022-09,403,Buffington,41.633333,-87.416667
4770,2022-10,396,Buffington,41.633333,-87.416667
4770,2022-11,198,Buffington,41.633333,-87.416667
4770,2022-12,228,Buffington,41.633333,-87.416667
4780,2022-01,90,Indiana Harbor,41.666667,-87.433333
4780,2022-02,125,Indiana Harbor,41.666667,-87.433333
4780,2022-03,154,Indiana Harbor,41.666667,-87.433333
4780,2022-04,288,Indiana Harbor,41.666667,-87.433333
4780,2022-05,356,Indiana Harbor,41.666667,-87.433333
4780,2022-06,701,Indiana Harbor,41.666667,-87.433333
4780,2022-07,357,Indiana Harbor,41.666667,-87.433333
4780,2022-08,309,Indiana Harbor,41.666667,-87.433333
4780,2022-09,402,Indiana Harbor,41.666667,-87.433333
4780,2022-10,394,Indiana Harbor,41.666667,-87.433333
4780,2022-11,199,Indiana Harbor,41.666667,-87.433333
4780,2022-12,228,Indiana Harbor,41.666667,-87.433333
4790,2022-01,301,Calumet Harbor,41.733333,-87.516667
4790,2022-02,333,Calumet Harbor,41.733333,-87.516667
4790,2022-03,481,Calumet Harbor,41.733333,-87.516667
4790,2022-04,977,Calumet Harbor,41.733333,-87.516667
4790,2022-05,1696,Calumet Harbor,41.733333,-87.516667
4790,2022-06,4571,Calumet Harbor,41.733333,-87.516667
4790,2022-07,3274,Calumet Harbor,41.733333,-87.516667
4790,2022-08,2635,Calumet Harbor,41.733333,-87.516667
4790,2022-09,2570,Calumet Harbor,41.733333,-87.516667
4790,2022-10,1455,Calumet Harbor,41.733333,-87.516667
4790,2022-11,609,Calumet Harbor,41.733333,-87.516667
4790,2022-12,601,Calumet Harbor,41.733333,-87.516667
4800,2022-01,253,Chicago,41.883333,-87.6
4800,2022-02,266,Chicago,41.883333,-87.6
4800,2022-03,394,Chicago,41.883333,-87.6
4800,2022-04,814,Chicago,41.883333,-87.6
4800,2022-05,1602,Chicago,41.883333,-87.6
4800,2022-06,4305,Chicago,41.883333,-87.6
4800,2022-07,3115,Chicago,41.883333,-87.6
4800,2022-08,2525,Chicago,41.883333,-87.6
4800,2022-09,2316,Chicago,41.883333,-87.6
4800,2022-10,1239,Chicago,41.883333,-87.6
4800,2022-11,519,Chicago,41.883333,-87.6
4800,2022-12,454,Chicago,41.883333,-87.6
4860,2022-01,10,Milwaukee,43.033333,-87.883333
4860,2022-02,3,Milwaukee,43.033333,-87.883333
4860,2022-03,6,Milwaukee,43.033333,-87.883333
4860,2022-04,20,Milwaukee,43.033333,-87.883333
4860,2022-05,42,Milwaukee,43.033333,-87.883333
4860,2022-06,102,Milwaukee,43.033333,-87.883333
4860,2022-07,63,Milwaukee,43.033333,-87.883333
4860,2022-08,35,Milwaukee,43.033333,-87.883333
4860,2022-09,34,Milwaukee,43.033333,-87.883333
4860,2022-10,15,Milwaukee,43.033333,-87.883333
4860,2022-11,7,Milwaukee,43.033333,-87.883333
4890,2022-01,1,Manitowoc,44.09222222,-87.64833333
4890,2022-04,12,Manitowoc,44.09222222,-87.64833333
4890,2022-05,15,Manitowoc,44.09222222,-87.64833333
4890,2022-06,26,Manitowoc,44.09222222,-87.64833333
4890,2022-07,33,Manitowoc,44.09222222,-87.64833333
4890,2022-08,21,Manitowoc,44.09222222,-87.64833333
4890,2022-09,17,Manitowoc,44.09222222,-87.64833333
4890,2022-10,7,Manitowoc,44.09222222,-87.64833333
4890,2022-11,2,Manitowoc,44.09222222,-87.64833333
4890,2022-12,3,Manitowoc,44.09222222,-87.64833333
5450,2022-01,30,Superior,46.733333,-92.066667
5450,2022-02,10,Superior,46.733333,-92.066667
5450,2022-03,90,Superior,46.733333,-92.066667
5450,2022-04,103,Superior,46.733333,-92.066667
5450,2022-05,352,Superior,46.733333,-92.066667
5450,2022-06,1243,Superior,46.733333,-92.066667
5450,2022-07,768,Superior,46.733333,-92.066667
5450,2022-08,292,Superior,46.733333,-92.066667
5450,2022-09,218,Superior,46.733333,-92.066667
5450,2022-10,241,Superior,46.733333,-92.066667
5450,2022-11,94,Superior,46.733333,-92.066667
5450,2022-12,39,Superior,46.733333,-92.066667
5460,2022-01,30,Duluth,46.766667,-92.1
5460,2022-02,11,Duluth,46.766667,-92.1
5460,2022-03,90,Duluth,46.766667,-92.1
5460,2022-04,103,Duluth,46.766667,-92.1
5460,2022-05,353,Duluth,46.766667,-92.1
5460,2022-06,1243,Duluth,46.766667,-92.1
5460,2022-07,769,Duluth,46.766667,-92.1
5460,2022-08,292,Duluth,46.766667,-92.1
5460,2022-09,218,Duluth,46.766667,-92.1
5460,2022-10,241,Duluth,46.766667,-92.1
5460,2022-11,94,Duluth,46.766667,-92.1
5460,2022-12,39,Duluth,46.766667,-92.1
56090,2022-01,20,Hilo,19.733333,-155.066667
56090,2022-02,19,Hilo,19.733333,-155.066667
56090,2022-03,5,Hilo,19.733333,-155.066667
56090,2022-05,20,Hilo,19.733333,-155.066667
56090,2022-06,16,Hilo,19.733333,-155.066667
56090,2022-07,16,Hilo,19.733333,-155.066667
56090,2022-08,16,Hilo,19.733333,-155.066667
56090,2022-09,10,Hilo,19.733333,-155.066667
56090,2022-10,21,Hilo,19.733333,-155.066667
56090,2022-11,8,Hilo,19.733333,-155.066667
56090,2022-12,9,Hilo,19.733333,-155.066667
56280,2022-01,224,Honolulu,21.3,-157.866667
56280,2022-02,104,Honolulu,21.3,-157.866667
56280,2022-03,59,Honolulu,21.3,-157.866667
56280,2022-04,58,Honolulu,21.3,-157.866667
56280,2022-05,37,Honolulu,21.3,-157.866667
56280,2022-06,64,Honolulu,21.3,-157.866667
56280,2022-07,113,Honolulu,21.3,-157.866667
56280,2022-08,56,Honolulu,21.3,-157.866667
56280,2022-09,32,Honolulu,21.3,-157.866667
56280,2022-10,30,Honolulu,21.3,-157.866667
56280,2022-11,35,Honolulu,21.3,-157.866667
56280,2022-12,16,Honolulu,21.3,-157.866667
7150,2022-01,45,Portland,43.666667,-70.25
7150,2022-02,15,Portland,43.666667,-70.25
7150,2022-03,25,Portland,43.666667,-70.25
7150,2022-04,49,Portland,43.666667,-70.25
7150,2022-05,153,Portland,43.666667,-70.25
7150,2022-06,186,Portland,43.666667,-70.25
7150,2022-07,271,Portland,43.666667,-70.25
7150,2022-08,310,Portland,43.666667,-70.25
7150,2022-09,112,Portland,43.666667,-70.25
7150,2022-10,49,Portland,43.666667,-70.25
7150,2022-11,19,Portland,43.666667,-70.25
7150,2022-12,6,Portland,43.666667,-70.25
7250,2022-01,133,Boston,42.35,-71.05
7250,2022-02,35,Boston,42.35,-71.05
7250,2022-03,57,Boston,42.35,-71.05
7250,2022-04,92,Boston,42.35,-71.05
7250,2022-05,222,Boston,42.35,-71.05
7250,2022-06,176,Boston,42.35,-71.05
7250,2022-07,173,Boston,42.35,-71.05
7250,2022-08,244,Boston,42.35,-71.05
7250,2022-09,151,Boston,42.35,-71.05
7250,2022-10,59,Boston,42.35,-71.05
7250,2022-11,34,Boston,42.35,-71.05
7250,2022-12,6,Boston,42.35,-71.05
7420,2022-01,35,Providence,41.8,-71.4
7420,2022-02,21,Providence,41.8,-71.4
7420,2022-03,28,Providence,41.8,-71.4
7420,2022-04,63,Providence,41.8,-71.4
7420,2022-05,210,Providence,41.8,-71.4
7420,2022-06,182,Providence,41.8,-71.4
7420,2022-07,153,Providence,41.8,-71.4
7420,2022-08,157,Providence,41.8,-71.4
7420,2022-09,103,Providence,41.8,-71.4
7420,2022-10,48,Providence,41.8,-71.4
7420,2022-11,18,Providence,41.8,-71.4
7420,2022-12,4,Providence,41.8,-71.4
7570,2022-01,21,Bridgeport,41.166667,-73.183333
7570,2022-02,8,Bridgeport,41.166667,-73.183333
7570,2022-03,41,Bridgeport,41.166667,-73.183333
7570,2022-04,61,Bridgeport,41.166667,-73.183333
7570,2022-05,193,Bridgeport,41.166667,-73.183333
7570,2022-06,164,Bridgeport,41.166667,-73.183333
7570,2022-07,123,Bridgeport,41.166667,-73.183333
7570,2022-08,121,Bridgeport,41.166667,-73.183333
7570,2022-09,84,Bridgeport,41.166667,-73.183333
7570,2022-10,55,Bridgeport,41.166667,-73.183333
7570,2022-11,27,Bridgeport,41.166667,-73.183333
7570,2022-12,7,Bridgeport,41.166667,-73.183333
7630,2022-01,3068,Brooklyn,40.666667,-74.016667
7630,2022-02,3256,Brooklyn,40.666667,-74.016667
7630,2022-03,3924,Brooklyn,40.666667,-74.016667
7630,2022-04,4619,Brooklyn,40.666667,-74.016667
7630,2022-05,7849,Brooklyn,40.666667,-74.016667
7630,2022-06,7751,Brooklyn,40.666667,-74.016667
7630,2022-07,6326,Brooklyn,40.666667,-74.016667
7630,2022-08,7049,Brooklyn,40.666667,-74.016667
7630,2022-09,6250,Brooklyn,40.666667,-74.016667
7630,2022-10,5470,Brooklyn,40.666667,-74.016667
7630,2022-11,4235,Brooklyn,40.666667,-74.016667
7630,2022-12,3648,Brooklyn,40.666667,-74.016667
7640,2022-01,3004,New York City,40.7,-74.016667
7640,2022-02,3182,New York City,40.7,-74.016667
7640,2022-03,3858,New York City,40.7,-74.016667
7640,2022-04,4417,New York City,40.7,-74.016667
7640,2022-05,7487,New York City,40.7,-74.016667
7640,2022-06,7447,New York City,40.7,-74.016667
7640,2022-07,6163,New York City,40.7,-74.016667
7640,2022-08,6847,New York City,40.7,-74.016667
7640,2022-09,6108,New York City,40.7,-74.016667
7640,2022-10,5240,New York City,40.7,-74.016667
7640,2022-11,4075,New York City,40.7,-74.016667
7640,2022-12,3577,New York City,40.7,-74.016667
7720,2022-01,26,Albany,42.65,-73.75
7720,2022-02,5,Albany,42.65,-73.75
7720,2022-03,18,Albany,42.65,-73.75
7720,2022-04,22,Albany,42.65,-73.75
7720,2022-05,81,Albany,42.65,-73.75
7720,2022-06,164,Albany,42.65,-73.75
7720,2022-07,67,Albany,42.65,-73.75
7720,2022-08,52,Albany,42.65,-73.75
7720,2022-09,56,Albany,42.65,-73.75
7720,2022-10,31,Albany,42.65,-73.75
7720,2022-11,4,Albany,42.65,-73.75
7720,2022-12,4,Albany,42.65,-73.75
7770,2022-01,2971,Hoboken,40.75,-74.016667
7770,2022-02,3136,Hoboken,40.75,-74.016667
7770,2022-03,3819,Hoboken,40.75,-74.016667
7770,2022-04,4357,Hoboken,40.75,-74.016667
7770,2022-05,7263,Hoboken,40.75,-74.016667
7770,2022-06,7222,Hoboken,40.75,-74.016667
7770,2022-07,5997,Hoboken,40.75,-74.016667
7770,2022-08,6613,Hoboken,40.75,-74.016667
7770,2022-09,5971,Hoboken,40.75,-74.016667
7770,2022-10,5110,Hoboken,40.75,-74.016667
7770,2022-11,3975,Hoboken,40.75,-74.016667
7770,2022-12,3552,Hoboken,40.75,-74.016667
7780,2022-01,2994,Jersey City,40.716667,-74.033333
7780,2022-02,3173,Jersey City,40.716667,-74.033333
7780,2022-03,3853,Jersey City,40.716667,-74.033333
7780,2022-04,4409,Jersey City,40.716667,-74.033333
7780,2022-05,7444,Jersey City,40.716667,-74.033333
7780,2022-06,7397,Jersey City,40.716667,-74.033333
7780,2022-07,6152,Jersey City,40.716667,-74.033333
7780,2022-08,6806,Jersey City,40.716667,-74.033333
7780,2022-09,6102,Jersey City,40.716667,-74.033333
7780,2022-10,5210,Jersey City,40.716667,-74.033333
7780,2022-11,4055,Jersey City,40.716667,-74.033333
7780,2022-12,3576,Jersey City,40.716667,-74.033333
7790,2022-01,3068,Bayonne,40.683333,-74.1
7790,2022-02,3257,Bayonne,40.683333,-74.1
7790,2022-03,3933,Bayonne,40.683333,-74.1
7790,2022-04,4598,Bayonne,40.683333,-74.1
7790,2022-05,7730,Bayonne,40.683333,-74.1
7790,2022-06,7642,Bayonne,40.683333,-74.1
7790,2022-07,6219,Bayonne,40.683333,-74.1
7790,2022-08,6933,Bayonne,40.683333,-74.1
7790,2022-09,6100,Bayonne,40.683333,-74.1
7790,2022-10,5368,Bayonne,40.683333,-74.1
7790,2022-11,4150,Bayonne,40.683333,-74.1
7790,2022-12,3681,Bayonne,40.683333,-74.1
7810,2022-01,3041,Newark,40.7,-74.15
7810,2022-02,3189,Newark,40.7,-74.15
7810,2022-03,3839,Newark,40.7,-74.15
7810,2022-04,4459,Newark,40.7,-74.15
7810,2022-05,7419,Newark,40.7,-74.15
7810,2022-06,7348,Newark,40.7,-74.15
7810,2022-07,5932,Newark,40.7,-74.15
7810,2022-08,6683,Newark,40.7,-74.15
7810,2022-09,5811,Newark,40.7,-74.15
7810,2022-10,5134,Newark,40.7,-74.15
7810,2022-11,4010,Newark,40.7,-74.15
7810,2022-12,3623,Newark,40.7,-74.15
7840,2022-01,3113,Tompkinsville SI,40.633333,-74.066667
7840,2022-02,3266,Tompkinsville SI,40.633333,-74.066667
7840,2022-03,3936,Tompkinsville SI,40.633333,-74.066667
7840,2022-04,4636,Tompkinsville SI,40.633333,-74.066667
7840,2022-05,7913,Tompkinsville SI,40.633333,-74.066667
7840,2022-06,7767,Tompkinsville SI,40.633333,-74.066667
7840,2022-07,6301,Tompkinsville SI,40.633333,-74.066667
7840,2022-08,7070,Tompkinsville SI,40.633333,-74.066667
7840,2022-09,6185,Tompkinsville SI,40.633333,-74.066667
7840,2022-10,5431,Tompkinsville SI,40.633333,-74.066667
7840,2022-11,4184,Tompkinsville SI,40.633333,-74.066667
7840,2022-12,3691,Tompkinsville SI,40.633333,-74.066667
8050,2022-01,123,Wilmington,39.733333,-75.55
8050,2022-02,62,Wilmington,39.733333,-75.55
8050,2022-03,124,Wilmington,39.733333,-75.55
8050,2022-04,138,Wilmington,39.733333,-75.55
8050,2022-05,252,Wilmington,39.733333,-75.55
8050,2022-06,220,Wilmington,39.733333,-75.55
8050,2022-07,65,Wilmington,39.733333,-75.55
8050,2022-08,149,Wilmington,39.733333,-75.55
8050,2022-09,111,Wilmington,39.733333,-75.55
8050,2022-10,131,Wilmington,39.733333,-75.55
8050,2022-11,70,Wilmington,39.733333,-75.55
8050,2022-12,44,Wilmington,39.733333,-75.55
8080,2022-01,305,Chester,39.85,-75.35
8080,2022-02,204,Chester,39.85,-75.35
8080,2022-03,256,Chester,39.85,-75.35
8080,2022-04,282,Chester,39.85,-75.35
8080,2022-05,558,Chester,39.85,-75.35
8080,2022-06,450,Chester,39.85,-75.35
8080,2022-07,162,Chester,39.85,-75.35
8080,2022-08,342,Chester,39.85,-75.35
8080,2022-09,191,Chester,39.85,-75.35
8080,2022-10,243,Chester,39.85,-75.35
8080,2022-11,166,Chester,39.85,-75.35
8080,2022-12,103,Chester,39.85,-75.35
8110,2022-01,511,Philadelphia,39.95,-75.133333
8110,2022-02,403,Philadelphia,39.95,-75.133333
8110,2022-03,463,Philadelphia,39.95,-75.133333
8110,2022-04,537,Philadelphia,39.95,-75.133333
8110,2022-05,875,Philadelphia,39.95,-75.133333
8110,2022-06,814,Philadelphia,39.95,-75.133333
8110,2022-07,506,Philadelphia,39.95,-75.133333
8110,2022-08,608,Philadelphia,39.95,-75.133333
8110,2022-09,483,Philadelphia,39.95,-75.133333
8110,2022-10,481,Philadelphia,39.95,-75.133333
8110,2022-11,449,Philadelphia,39.95,-75.133333
8110,2022-12,355,Philadelphia,39.95,-75.133333
8130,2022-01,511,Camden,39.95,-75.133333
8130,2022-02,403,Camden,39.95,-75.133333
8130,2022-03,463,Camden,39.95,-75.133333
8130,2022-04,537,Camden,39.95,-75.133333
8130,2022-05,875,Camden,39.95,-75.133333
8130,2022-06,814,Camden,39.95,-75.133333
8130,2022-07,506,Camden,39.95,-75.133333
8130,2022-08,608,Camden,39.95,-75.133333
8130,2022-09,483,Camden,39.95,-75.133333
8130,2022-10,481,Camden,39.95,-75.133333
8130,2022-11,449,Camden,39.95,-75.133333
8130,2022-12,355,Camden,39.95,-75.133333
8210,2022-01,127,Baltimore,39.266667,-76.583333
8210,2022-02,71,Baltimore,39.266667,-76.583333
8210,2022-03,108,Baltimore,39.266667,-76.583333
8210,2022-04,154,Baltimore,39.266667,-76.583333
8210,2022-05,234,Baltimore,39.266667,-76.583333
8210,2022-06,227,Baltimore,39.266667,-76.583333
8210,2022-07,136,Baltimore,39.266667,-76.583333
8210,2022-08,159,Baltimore,39.266667,-76.583333
8210,2022-09,202,Baltimore,39.266667,-76.583333
8210,2022-10,118,Baltimore,39.266667,-76.583333
8210,2022-11,52,Baltimore,39.266667,-76.583333
8210,2022-12,17,Baltimore,39.266667,-76.583333
8280,2022-01,1623,Norfolk,36.85,-76.3
8280,2022-02,1649,Norfolk,36.85,-76.3
8280,2022-03,1966,Norfolk,36.85,-76.3
8280,2022-04,2573,Norfolk,36.85,-76.3
8280,2022-05,4728,Norfolk,36.85,-76.3
8280,2022-06,3564,Norfolk,36.85,-76.3
8280,2022-07,2119,Norfolk,36.85,-76.3
8280,2022-08,2613,Norfolk,36.85,-76.3
8280,2022-09,2449,Norfolk,36.85,-76.3
8280,2022-10,3218,Norfolk,36.85,-76.3
8280,2022-11,2682,Norfolk,36.85,-76.3
8280,2022-12,1903,Norfolk,36.85,-76.3
8300,2022-01,1489,Newport News,36.966667,-76.433333
8300,2022-02,1590,Newport News,36.966667,-76.433333
8300,2022-03,1873,Newport News,36.966667,-76.433333
8300,2022-04,2382,Newport News,36.966667,-76.433333
8300,2022-05,4455,Newport News,36.966667,-76.433333
8300,2022-06,3346,Newport News,36.966667,-76.433333
8300,2022-07,2047,Newport News,36.966667,-76.433333
8300,2022-08,2517,Newport News,36.966667,-76.433333
8300,2022-09,2354,Newport News,36.966667,-76.433333
8300,2022-10,3032,Newport News,36.966667,-76.433333
8300,2022-11,2529,Newport News,36.966667,-76.433333
8300,2022-12,1855,Newport News,36.966667,-76.433333
8470,2022-01,82,Wilmington,34.233333,-77.95
8470,2022-02,35,Wilmington,34.233333,-77.95
8470,2022-03,89,Wilmington,34.233333,-77.95
8470,2022-04,140,Wilmington,34.233333,-77.95
8470,2022-05,187,Wilmington,34.233333,-77.95
8470,2022-06,150,Wilmington,34.233333,-77.95
8470,2022-07,38,Wilmington,34.233333,-77.95
8470,2022-08,46,Wilmington,34.233333,-77.95
8470,2022-09,35,Wilmington,34.233333,-77.95
8470,2022-10,137,Wilmington,34.233333,-77.95
8470,2022-11,235,Wilmington,34.233333,-77.95
8470,2022-12,69,Wilmington,34.233333,-77.95
8530,2022-01,195,Savannah,32.083333,-81.083333
8530,2022-02,154,Savannah,32.083333,-81.083333
8530,2022-03,162,Savannah,32.083333,-81.083333
8530,2022-04,218,Savannah,32.083333,-81.083333
8530,2022-05,203,Savannah,32.083333,-81.083333
8530,2022-06,134,Savannah,32.083333,-81.083333
8530,2022-07,108,Savannah,32.083333,-81.083333
8530,2022-08,118,Savannah,32.083333,-81.083333
8530,2022-09,77,Savannah,32.083333,-81.083333
8530,2022-10,88,Savannah,32.083333,-81.083333
8530,2022-11,189,Savannah,32.083333,-81.083333
8530,2022-12,100,Savannah,32.083333,-81.083333
8580,2022-01,190,Jacksonville,30.316667,-81.65
8580,2022-02,102,Jacksonville,30.316667,-81.65
8580,2022-03,116,Jacksonville,30.316667,-81.65
8580,2022-04,108,Jacksonville,30.316667,-81.65
8580,2022-05,88,Jacksonville,30.316667,-81.65
8580,2022-06,61,Jacksonville,30.316667,-81.65
8580,2022-07,54,Jacksonville,30.316667,-81.65
8580,2022-08,67,Jacksonville,30.316667,-81.65
8580,2022-09,39,Jacksonville,30.316667,-81.65
8580,2022-10,33,Jacksonville,30.316667,-81.65
8580,2022-11,63,Jacksonville,30.316667,-81.65
8580,2022-12,53,Jacksonville,30.316667,-81.65
8630,2022-01,1335,Port Everglades,26.1,-80.116667
8630,2022-02,721,Port Everglades,26.1,-80.116667
8630,2022-03,528,Port Everglades,26.1,-80.116667
8630,2022-04,419,Port Everglades,26.1,-80.116667
8630,2022-05,375,Port Everglades,26.1,-80.116667
8630,2022-06,236,Port Everglades,26.1,-80.116667
8630,2022-07,197,Port Everglades,26.1,-80.116667
8630,2022-08,187,Port Everglades,26.1,-80.116667
8630,2022-09,169,Port Everglades,26.1,-80.116667
8630,2022-10,289,Port Everglades,26.1,-80.116667
8630,2022-11,316,Port Everglades,26.1,-80.116667
8630,2022-12,374,Port Everglades,26.1,-80.116667
8670,2022-01,188,Tampa,27.916667,-82.45
8670,2022-02,140,Tampa,27.916667,-82.45
8670,2022-03,100,Tampa,27.916667,-82.45
8670,2022-04,78,Tampa,27.916667,-82.45
8670,2022-05,55,Tampa,27.916667,-82.45
8670,2022-06,49,Tampa,27.916667,-82.45
8670,2022-07,56,Tampa,27.916667,-82.45
8670,2022-08,61,Tampa,27.916667,-82.45
8670,2022-09,45,Tampa,27.916667,-82.45
8670,2022-10,42,Tampa,27.916667,-82.45
8670,2022-11,63,Tampa,27.916667,-82.45
8670,2022-12,26,Tampa,27.916667,-82.45
8770,2022-01,157,Mobile,30.683333,-88.116667
8770,2022-02,135,Mobile,30.683333,-88.116667
8770,2022-03,101,Mobile,30.683333,-88.116667
8770,2022-04,98,Mobile,30.683333,-88.116667
8770,2022-05,82,Mobile,30.683333,-88.116667
8770,2022-06,68,Mobile,30.683333,-88.116667
8770,2022-07,102,Mobile,30.683333,-88.116667
8770,2022-08,134,Mobile,30.683333,-88.116667
8770,2022-09,58,Mobile,30.683333,-88.116667
8770,2022-10,44,Mobile,30.683333,-88.116667
8770,2022-11,89,Mobile,30.683333,-88.116667
8770,2022-12,74,Mobile,30.683333,-88.116667
8860,2022-01,571,New Orleans,29.95,-90.05
8860,2022-02,506,New Orleans,29.95,-90.05
8860,2022-03,319,New Orleans,29.95,-90.05
8860,2022-04,352,New Orleans,29.95,-90.05
8860,2022-05,272,New Orleans,29.95,-90.05
8860,2022-06,198,New Orleans,29.95,-90.05
8860,2022-07,316,New Orleans,29.95,-90.05
8860,2022-08,383,New Orleans,29.95,-90.05
8860,2022-09,209,New Orleans,29.95,-90.05
8860,2022-10,75,New Orleans,29.95,-90.05
8860,2022-11,50,New Orleans,29.95,-90.05
8860,2022-12,41,New Orleans,29.95,-90.05
8890,2022-01,113,Tri-City Port,38.716667,-90.2
8890,2022-02,68,Tri-City Port,38.716667,-90.2
8890,2022-03,47,Tri-City Port,38.716667,-90.2
8890,2022-04,65,Tri-City Port,38.716667,-90.2
8890,2022-05,33,Tri-City Port,38.716667,-90.2
8890,2022-06,46,Tri-City Port,38.716667,-90.2
8890,2022-07,39,Tri-City Port,38.716667,-90.2
8890,2022-08,32,Tri-City Port,38.716667,-90.2
8890,2022-09,114,Tri-City Port,38.716667,-90.2
8890,2022-10,97,Tri-City Port,38.716667,-90.2
8890,2022-11,36,Tri-City Port,38.716667,-90.2
8890,2022-12,13,Tri-City Port,38.716667,-90.2
8980,2022-01,153,Loop Terminal,28.883333,-90.016667
8980,2022-02,78,Loop Terminal,28.883333,-90.016667
8980,2022-03,64,Loop Terminal,28.883333,-90.016667
8980,2022-04,77,Loop Terminal,28.883333,-90.016667
8980,2022-05,106,Loop Terminal,28.883333,-90.016667
8980,2022-06,60,Loop Terminal,28.883333,-90.016667
8980,2022-07,60,Loop Terminal,28.883333,-90.016667
8980,2022-08,48,Loop Terminal,28.883333,-90.016667
8980,2022-09,31,Loop Terminal,28.883333,-90.016667
8980,2022-10,27,Loop Terminal,28.883333,-90.016667
8980,2022-11,26,Loop Terminal,28.883333,-90.016667
8980,2022-12,24,Loop Terminal,28.883333,-90.016667
9080,2022-01,497,Port Arthur,29.833333,-93.966667
9080,2022-02,729,Port Arthur,29.833333,-93.966667
9080,2022-03,336,Port Arthur,29.833333,-93.966667
9080,2022-04,442,Port Arthur,29.833333,-93.966667
9080,2022-05,342,Port Arthur,29.833333,-93.966667
9080,2022-06,360,Port Arthur,29.833333,-93.966667
9080,2022-07,438,Port Arthur,29.833333,-93.966667
9080,2022-08,567,Port Arthur,29.833333,-93.966667
9080,2022-09,311,Port Arthur,29.833333,-93.966667
9080,2022-10,136,Port Arthur,29.833333,-93.966667
9080,2022-11,95,Port Arthur,29.833333,-93.966667
9080,2022-12,76,Port Arthur,29.833333,-93.966667
9140,2022-01,338,Beaumont,30.083333,-94.083333
9140,2022-02,573,Beaumont,30.083333,-94.083333
9140,2022-03,226,Beaumont,30.083333,-94.083333
9140,2022-04,334,Beaumont,30.083333,-94.083333
9140,2022-05,238,Beaumont,30.083333,-94.083333
9140,2022-06,238,Beaumont,30.083333,-94.083333
9140,2022-07,307,Beaumont,30.083333,-94.083333
9140,2022-08,428,Beaumont,30.083333,-94.083333
9140,2022-09,216,Beaumont,30.083333,-94.083333
9140,2022-10,110,Beaumont,30.083333,-94.083333
9140,2022-11,71,Beaumont,30.083333,-94.083333
9140,2022-12,60,Beaumont,30.083333,-94.083333
9150,2022-01,504,Galveston,29.316667,-94.783333
9150,2022-02,455,Galveston,29.316667,-94.783333
9150,2022-03,316,Galveston,29.316667,-94.783333
9150,2022-04,321,Galveston,29.316667,-94.783333
9150,2022-05,274,Galveston,29.316667,-94.783333
9150,2022-06,295,Galveston,29.316667,-94.783333
9150,2022-07,374,Galveston,29.316667,-94.783333
9150,2022-08,445,Galveston,29.316667,-94.783333
9150,2022-09,290,Galveston,29.316667,-94.783333
9150,2022-10,93,Galveston,29.316667,-94.783333
9150,2022-11,53,Galveston,29.316667,-94.783333
9150,2022-12,54,Galveston,29.316667,-94.783333
9240,2022-01,497,Houston,29.75,-95.283333
9240,2022-02,532,Houston,29.75,-95.283333
9240,2022-03,420,Houston,29.75,-95.283333
9240,2022-04,365,Houston,29.75,-95.283333
9240,2022-05,263,Houston,29.75,-95.283333
9240,2022-06,290,Houston,29.75,-95.283333
9240,2022-07,418,Houston,29.75,-95.283333
9240,2022-08,548,Houston,29.75,-95.283333
9240,2022-09,335,Houston,29.75,-95.283333
9240,2022-10,78,Houston,29.75,-95.283333
9240,2022-11,24,Houston,29.75,-95.283333
9240,2022-12,24,Houston,29.75,-95.283333
9300,2022-01,185,Corpus Christi,27.816667,-97.4
9300,2022-02,162,Corpus Christi,27.816667,-97.4
9300,2022-03,123,Corpus Christi,27.816667,-97.4
9300,2022-04,159,Corpus Christi,27.816667,-97.4
9300,2022-05,168,Corpus Christi,27.816667,-97.4
9300,2022-06,96,Corpus Christi,27.816667,-97.4
9300,2022-07,164,Corpus Christi,27.816667,-97.4
9300,2022-08,172,Corpus Christi,27.816667,-97.4
9300,2022-09,103,Corpus Christi,27.816667,-97.4
9300,2022-10,47,Corpus Christi,27.816667,-97.4
9300,2022-11,40,Corpus Christi,27.816667,-97.4
9300,2022-12,42,Corpus Christi,27.816667,-97.4